

INSERT INTO BOOKROOM (BOOKING_ID,CUSTOMER_ID,CHECK_IN_DATE,CHECK_OUT_DATE ,NO_OF_ROOM_REQUIRED ,ROOM_BREAKFASTSRVICE_FLAG) VALUES (3,3,{ts '2017-07-10 18:47:52.69'},{ts '2017-07-10 18:47:52.69'},1,'N')

INSERT INTO customers (CUSTOMER_Id, FIRST_NAME, LAST_NAME, MEMBERSHIP_STATUS,BOOKING_ID) VALUES (3, 'Sachin ', 'Goswami' , true,3)

INSERT INTO BOOKROOM (BOOKING_ID ,CUSTOMER_ID,CHECK_IN_DATE,CHECK_OUT_DATE ,NO_OF_ROOM_REQUIRED ,ROOM_BREAKFASTSRVICE_FLAG) VALUES (4,4,{ts '2017-07-11 18:47:52.69'},{ts '2017-07-13 18:47:52.69'},1,'N')

INSERT INTO customers (CUSTOMER_Id, FIRST_NAME, LAST_NAME, MEMBERSHIP_STATUS,BOOKING_ID) VALUES (4, 'Sam ', 'Brit' , true,4)


INSERT INTO BOOKROOM (BOOKING_ID,CUSTOMER_ID,CHECK_IN_DATE,CHECK_OUT_DATE ,NO_OF_ROOM_REQUIRED ,ROOM_BREAKFASTSRVICE_FLAG) VALUES (5,5,{ts '2017-07-14 18:47:52.69'},{ts '2017-07-17 18:47:52.69'},1,'Y')

INSERT INTO customers (CUSTOMER_Id, FIRST_NAME, LAST_NAME, MEMBERSHIP_STATUS,BOOKING_ID) VALUES (5, 'Mark ', 'Goswami' , true,5)

INSERT INTO BOOKROOM (BOOKING_ID ,CUSTOMER_ID,CHECK_IN_DATE,CHECK_OUT_DATE ,NO_OF_ROOM_REQUIRED ,ROOM_BREAKFASTSRVICE_FLAG) VALUES (6,6,{ts '2017-07-11 18:47:52.69'},{ts '2017-07-17 18:47:52.69'},1,'Y')

INSERT INTO customers (CUSTOMER_Id, FIRST_NAME, LAST_NAME, MEMBERSHIP_STATUS,BOOKING_ID) VALUES (6, 'Alex ', 'Brown' , true,6)


INSERT INTO OCCUPIED_ROOMS(OCCUPIED_ID ,ROOM_ID ,BOOKING_ID,NUMBER_OF_ROOM ,CUSTOMER_ID,CHECK_IN_DATE,CHECK_OUT_DATE ) VALUES (4,122,3,1,3,{ts '2017-07-10 18:47:52.69'},{ts '2017-07-10 18:47:52.69'})
INSERT INTO ROOM (ROOM_ID ,ROOM_PRICE ,ROOM_TYPE,BREAK_FAST_PRICE ,OCCUPIED_ID  ) values(122,200,'DELUX',5,4)

INSERT INTO OCCUPIED_ROOMS(OCCUPIED_ID ,ROOM_ID ,BOOKING_ID,NUMBER_OF_ROOM ,CUSTOMER_ID,CHECK_IN_DATE,CHECK_OUT_DATE ) VALUES (5,123,4,1,4,{ts '2017-07-11 18:47:52.69'},{ts '2017-07-13 18:47:52.69'})
INSERT INTO ROOM (ROOM_ID ,ROOM_PRICE ,ROOM_TYPE,BREAK_FAST_PRICE ,OCCUPIED_ID ) values(123,200,'DELUX',5,5)

INSERT INTO OCCUPIED_ROOMS(OCCUPIED_ID ,ROOM_ID ,BOOKING_ID,NUMBER_OF_ROOM ,CUSTOMER_ID,CHECK_IN_DATE,CHECK_OUT_DATE ) VALUES (6,124,5,1,5,{ts '2017-07-14 18:47:52.69'},{ts '2017-07-17 18:47:52.69'})

INSERT INTO ROOM (ROOM_ID ,ROOM_PRICE ,ROOM_TYPE,BREAK_FAST_PRICE,OCCUPIED_ID   ) values(124,200,'DELUX',5,6)


INSERT INTO OCCUPIED_ROOMS(OCCUPIED_ID ,ROOM_ID ,BOOKING_ID,NUMBER_OF_ROOM ,CUSTOMER_ID,CHECK_IN_DATE,CHECK_OUT_DATE ) VALUES (7,125,6,1,6,{ts '2017-07-11 18:47:52.69'},{ts '2017-07-17 18:47:52.69'})
INSERT INTO ROOM (ROOM_ID ,ROOM_PRICE ,ROOM_TYPE,BREAK_FAST_PRICE, OCCUPIED_ID    ) values(125,100,'SIMPLE',5,7)







